PULocationID,PUBorough,PUZone,pickup_count,total_revenue,avg_tip
237,Manhattan,Upper East Side South,190884,4302165.479999971,2.793801261499135
236,Manhattan,Upper East Side North,168495,3863339.8599999417,2.7457391020504964
161,Manhattan,Midtown Center,155336,4352594.869999899,3.3586053458310032
132,Queens,JFK Airport,142807,11500863.379999148,9.295794043708627
142,Manhattan,Lincoln Square East,119882,2916657.9999999413,2.841600573897655
162,Manhattan,Midtown East,116208,3115246.729999941,3.3234909816879745
186,Manhattan,Penn Station/Madison Sq West,109932,3060476.4299999415,3.337208910963105
230,Manhattan,Times Sq/Theatre District,107747,3375678.8399999132,3.5295608230391506
239,Manhattan,Upper West Side South,104031,2509526.479999941,2.658006747988713
79,Manhattan,East Village,103368,2675720.359999796,2.1452849044191025
138,Queens,LaGuardia Airport,103189,7495978.639999716,9.966524145015477
170,Manhattan,Murray Hill,98091,2623766.439999923,2.9082989265069243
234,Manhattan,Union Sq,97564,2535669.7599999537,2.823616292894793
163,Manhattan,Midtown North,96876,2645332.649999962,3.290588071348813
68,Manhattan,East Chelsea,95219,2741189.3299999246,3.1169954525881747
141,Manhattan,Lenox Hill West,87814,2016499.2199999522,2.412366593026214
249,Manhattan,West Village,86663,2245733.979999936,2.537918142690562
48,Manhattan,Clinton East,85692,2317393.569999946,2.741553587265933
238,Manhattan,Upper West Side North,76855,1839696.1899999622,2.426503025177356
140,Manhattan,Lenox Hill East,74798,1893762.2599999644,2.5611127302869283
263,Manhattan,Yorkville West,73911,1751463.129999962,2.2830620611276164
164,Manhattan,Midtown South,73441,2022117.3399999747,2.8643456652278045
107,Manhattan,Gramercy,71450,1832878.669999953,2.5649965010496265
246,Manhattan,West Chelsea/Hudson Yards,70622,2007711.8699999547,2.80535031576559
229,Manhattan,Sutton Place/Turtle Bay North,62283,1556081.529999984,2.708333092497111
90,Manhattan,Flatiron,58569,1497920.799999996,2.615406955898147
262,Manhattan,Yorkville East,57035,1425228.4099999892,2.3846339966687076
114,Manhattan,Greenwich Village South,56950,1486268.1499999876,2.5562000000000062
148,Manhattan,Lower East Side,54422,1569239.6399999668,2.164065818970265
231,Manhattan,TriBeCa/Civic Center,53643,1638951.61999998,2.889973901534198
113,Manhattan,Greenwich Village North,53522,1376451.1899999925,2.664846231456208
43,Manhattan,Central Park,52390,1296333.470000009,3.073350639435025
100,Manhattan,Garment District,47751,1320070.5499999942,2.911155577893637
143,Manhattan,Lincoln Square West,46462,1152448.1600000127,2.218871981404138
137,Manhattan,Kips Bay,44528,1147420.290000015,1.9849777667984172
144,Manhattan,Little Italy/NoLiTa,42962,1189446.5000000098,2.4326670080536177
158,Manhattan,Meatpacking/West Village West,40886,1169469.9700000111,2.7053372792642914
233,Manhattan,UN/Turtle Bay South,39964,1097242.1400000094,2.738517415674094
151,Manhattan,Manhattan Valley,33265,798583.6900000076,2.125501578235387
75,Manhattan,East Harlem South,32371,843685.1900000109,1.5885385066880873
211,Manhattan,SoHo,31818,902243.9700000033,2.7156156892324987
166,Manhattan,Morningside Heights,28138,798274.9300000085,1.8427908877674353
87,Manhattan,Financial District North,27561,927428.05000001,2.600693371067808
50,Manhattan,Clinton West,26490,726704.9400000034,1.9345945639864102
13,Manhattan,Battery Park City,23240,823049.6799999998,3.584529259896726
41,Manhattan,Central Harlem,19587,528231.6900000001,0.9128176851993669
125,Manhattan,Hudson Sq,18832,537006.4899999998,2.8593903993203065
74,Manhattan,East Harlem North,16881,466794.61000000144,0.845894200580534
4,Manhattan,Alphabet City,16789,458358.93000000285,1.0402918577640121
261,Manhattan,World Trade Center,16551,581152.8300000001,3.4171705637121628
42,Manhattan,Central Harlem North,14282,425340.6200000006,0.41013303458899286
88,Manhattan,Financial District South,14122,504461.3100000005,2.8981426143605704
232,Manhattan,Two Bridges/Seward Park,13406,418495.8000000012,1.251509025809339
24,Manhattan,Bloomingdale,13060,337389.63000000064,1.9227702909647775
255,Brooklyn,Williamsburg (North Side),10114,354419.8600000001,0.8288244018192604
224,Manhattan,Stuy Town/Peter Cooper Village,10065,274480.9399999992,1.192559364133134
244,Manhattan,Washington Heights South,10042,337375.90000000026,0.6322077275443138
45,Manhattan,Chinatown,9765,302370.2099999998,1.9516466973886337
116,Manhattan,Hamilton Heights,9111,288830.14999999997,0.6346054220173414
209,Manhattan,Seaport,8443,281257.2999999995,2.6045256425441177
70,Queens,East Elmhurst,8329,573937.7999999991,9.158421179013086
145,Queens,Long Island City/Hunters Point,7732,319006.8400000003,2.0797051215726823
7,Queens,Astoria,7359,252377.17000000036,0.6983571137382798
61,Brooklyn,Crown Heights North,7253,246974.58000000048,0.3121715152350752
256,Brooklyn,Williamsburg (South Side),6584,234089.80999999976,0.9694577764277035
226,Queens,Sunnyside,6480,288229.41000000015,3.153081790123455
37,Brooklyn,Bushwick South,6473,229333.3700000001,0.3412714351923374
112,Brooklyn,Greenpoint,6267,221608.9700000002,0.7234593904579544
152,Manhattan,Manhattanville,6051,178222.4099999999,0.7479590150388363
97,Brooklyn,Fort Greene,5924,202363.63999999993,0.9328713706954758
33,Brooklyn,Brooklyn Heights,5401,202973.15,1.3984595445287904
80,Brooklyn,East Williamsburg,5399,195167.43000000005,0.8513132061492867
76,Brooklyn,East New York,5266,175787.8700000003,0.05308393467527534
66,Brooklyn,DUMBO/Vinegar Hill,5066,187081.6699999998,1.4131780497433872
65,Brooklyn,Downtown Brooklyn/MetroTech,5015,182278.63999999952,1.6910189431704876
225,Brooklyn,Stuyvesant Heights,4744,166483.11000000016,0.2787795109612142
25,Brooklyn,Boerum Hill,4615,158399.64999999985,1.0138418201516797
243,Manhattan,Washington Heights North,4547,166834.37999999954,0.4936485594897734
264,Unknown,N/A,4312,164503.18,4.987961502782926
181,Brooklyn,Park Slope,4095,146089.75999999995,0.9166544566544568
188,Brooklyn,Prospect-Lefferts Gardens,4032,132585.3499999999,0.23130952380952377
17,Brooklyn,Bedford,3906,133283.8,0.40689452124936
49,Brooklyn,Clinton Hill,3853,137580.13000000012,0.5342200882429277
89,Brooklyn,Flatbush/Ditmas Park,3737,134192.09999999992,0.26322718758362323
129,Queens,Jackson Heights,3686,158107.7899999998,2.698304395008136
36,Brooklyn,Bushwick North,3663,129210.35999999996,0.32248976248976247
39,Brooklyn,Canarsie,3563,122333.61999999991,0.07839180465899524
146,Queens,Long Island City/Queens Plaza,3524,119013.99000000003,1.5687656072644716
35,Brooklyn,Brownsville,3132,97848.68999999983,0.03854086845466156
130,Queens,Jamaica,3059,121780.62999999982,0.9502647924158222
216,Queens,South Ozone Park,2837,188460.90999999997,6.251046880507574
179,Queens,Old Astoria,2775,100335.76999999996,0.5446126126126127
72,Brooklyn,East Flatbush/Remsen Village,2681,82187.05999999988,0.04218202163371876
223,Queens,Steinway,2613,114637.79999999981,2.210149253731344
177,Brooklyn,Ocean Hill,2605,86959.7199999999,0.09317082533589252
91,Brooklyn,Flatlands,2480,79924.29999999993,0.058532258064516125
168,Bronx,Mott Haven/Port Morris,2452,79848.79999999986,0.27571370309951065
71,Brooklyn,East Flatbush/Farragut,2363,76747.17999999996,0.08828607702073635
82,Queens,Elmhurst,2037,66004.68999999992,0.7315218458517427
95,Queens,Forest Hills,1997,76335.20999999985,0.8309964947421131
228,Brooklyn,Sunset Park West,1959,77529.34999999996,0.4256712608473711
193,Queens,Queensbridge/Ravenswood,1951,68959.09999999995,0.9517478216299335
62,Brooklyn,Crown Heights South,1941,63603.60999999994,0.30403400309119016
127,Manhattan,Inwood,1940,68177.71999999991,0.3505051546391752
260,Queens,Woodside,1909,74093.14,2.6384808800419064
55,Brooklyn,Coney Island,1869,77953.28999999994,0.14049224184055645
189,Brooklyn,Prospect Heights,1797,64421.65999999995,0.9720923761825266
10,Queens,Baisley Park,1781,115022.40999999983,5.56585064570466
247,Bronx,West Concourse,1776,66238.22999999994,1.0013513513513512
157,Queens,Maspeth,1771,73249.60999999996,1.8218068887634113
198,Queens,Ridgewood,1769,60001.009999999966,0.47746184284906734
69,Bronx,East Concourse/Concourse Village,1732,58161.94999999991,0.10521939953810622
14,Brooklyn,Bay Ridge,1727,65069.44999999995,0.3256977417486972
197,Queens,Richmond Hill,1671,75449.70999999989,2.2342549371633753
213,Bronx,Soundview/Castle Hill,1609,57803.57999999988,0.09981354878806711
51,Bronx,Co-Op City,1542,66114.68999999983,0.056977950713359274
40,Brooklyn,Carroll Gardens,1467,56780.25999999995,0.9026312201772323
85,Brooklyn,Erasmus,1462,51249.41999999995,0.22621751025991793
159,Bronx,Melrose South,1459,46234.699999999924,0.0917340644276902
77,Brooklyn,East New York/Pennsylvania Avenue,1427,48752.73999999992,0.0191520672740014
52,Brooklyn,Cobble Hill,1415,50829.28000000002,1.3980494699646644
205,Queens,Saint Albans,1353,55135.509999999886,0.055365853658536586
215,Queens,South Jamaica,1336,64026.30999999988,2.1623877245508982
195,Brooklyn,Red Hook,1318,57864.77999999997,1.5085204855842191
222,Brooklyn,Starrett City,1307,45003.76999999997,0.040535577658760515
254,Bronx,Williamsbridge/Olinville,1277,51941.34999999988,0.06664839467501958
92,Queens,Flushing,1274,47549.85999999992,0.29267660910518056
182,Bronx,Parkchester,1262,49279.92999999993,0.0363391442155309
235,Bronx,University Heights/Morris Heights,1255,43857.29999999992,0.04136254980079681
167,Bronx,Morrisania/Melrose,1239,41182.18999999992,0.050225988700564966
63,Brooklyn,Cypress Hills,1228,41927.04999999999,0.17909609120521175
155,Brooklyn,Marine Park/Mill Basin,1176,37921.55999999999,0.19082482993197278
86,Queens,Far Rockaway,1111,55910.0099999999,0.06302430243024304
106,Brooklyn,Gowanus,1107,39794.30999999998,0.7029539295392954
117,Queens,Hammels/Arverne,1088,54771.239999999896,0.007904411764705882
165,Brooklyn,Midwood,1065,33068.880000000005,0.06821596244131456
210,Brooklyn,Sheepshead Bay,1042,37943.05999999998,0.041285988483685226
191,Queens,Queens Village,1041,44058.37999999993,0.10809798270893371
78,Bronx,East Tremont,1033,38149.67999999993,0.03449177153920619
26,Brooklyn,Borough Park,1024,30688.13000000001,0.016640625
169,Bronx,Mount Hope,1016,34962.07999999995,0.030009842519685036
119,Bronx,Highbridge,1008,39294.77999999997,0.7188591269841271
93,Queens,Flushing Meadows-Corona Park,1005,70814.52999999997,5.5806268656716425
218,Queens,Springfield Gardens North,1004,41250.52999999991,0.10378486055776891
12,Manhattan,Battery Park,969,35077.52999999998,3.2666769865841077
18,Bronx,Bedford Park,956,37284.43999999995,0.019728033472803348
56,Queens,Corona,947,35799.72999999993,0.6310242872228088
196,Queens,Rego Park,933,39133.03999999994,1.720460878885316
28,Queens,Briarwood/Jamaica Hills,903,41122.89999999995,1.7700110741971207
220,Bronx,Spuyten Duyvil/Kingsbridge,890,34620.04999999998,0.438
241,Bronx,Van Cortlandt Village,877,34064.869999999966,0.264036488027366
47,Bronx,Claremont/Bathgate,875,31185.879999999954,0.10793142857142857
219,Queens,Springfield Gardens South,869,57787.48999999992,5.083935558112774
258,Queens,Woodhaven,857,32972.34999999998,0.4546441073512251
242,Bronx,Van Nest/Morris Park,851,29787.939999999966,0.16459459459459458
123,Brooklyn,Homecrest,843,26389.370000000003,0.05409252669039146
133,Brooklyn,Kensington,815,30237.32,0.4965398773006135
174,Bronx,Norwood,807,32335.409999999956,0.07691449814126394
134,Queens,Kew Gardens,779,40988.85999999998,3.5263928112965353
265,N/A,Outside of NYC,765,73069.78000000001,9.396745098039212
22,Brooklyn,Bensonhurst West,762,25585.18,0.060590551181102355
248,Bronx,West Farms/Bronx River,735,27695.309999999976,0.1540408163265306
259,Bronx,Woodlawn/Wakefield,732,32715.129999999976,0.2349863387978142
126,Bronx,Hunts Point,731,29166.669999999973,0.23986320109439124
217,Brooklyn,South Williamsburg,730,23259.589999999993,0.46787671232876704
81,Bronx,Eastchester,729,30066.87999999997,0.04223593964334705
34,Brooklyn,Brooklyn Navy Yard,725,27580.19,0.9679172413793103
83,Queens,Elmhurst/Maspeth,724,30710.029999999984,2.740414364640884
212,Bronx,Soundview/Bruckner,708,24830.629999999983,0.06524011299435029
121,Queens,Hillcrest/Pomonok,707,26080.079999999987,0.3823903818953324
227,Brooklyn,Sunset Park East,703,24199.109999999993,0.12435277382645804
250,Bronx,Westchester Village/Unionport,694,25927.49999999999,0.039538904899135446
136,Bronx,Kingsbridge Heights,674,24919.709999999992,0.13222551928783383
208,Bronx,Schuylerville/Edgewater Park,663,26500.339999999967,0.317315233785822
29,Brooklyn,Brighton Beach,657,26326.999999999996,0.05453576864535768
21,Brooklyn,Bensonhurst East,635,21436.59,0.06344881889763779
60,Bronx,Crotona Park East,616,22470.339999999986,0.0
32,Bronx,Bronxdale,608,24501.86999999997,0.041348684210526315
131,Queens,Jamaica Estates,606,25536.85999999998,0.4178547854785479
185,Bronx,Pelham Parkway,605,23292.489999999998,0.13325619834710742
108,Brooklyn,Gravesend,604,23552.15999999999,0.03907284768211921
124,Queens,Howard Beach,596,25646.819999999996,1.4220805369127516
202,Manhattan,Roosevelt Island,595,22713.589999999997,0.960470588235294
149,Brooklyn,Madison,586,18324.27,0.11001706484641638
147,Bronx,Longwood,572,19934.8,0.06243006993006992
160,Queens,Middle Village,571,25458.360000000008,2.004080560420315
257,Brooklyn,Windsor Terrace,570,24137.19,0.7870526315789474
200,Bronx,Riverdale/North Riverdale/Fieldston,559,24749.450000000004,0.1986583184257603
102,Queens,Glendale,552,18639.81,0.7166304347826088
20,Bronx,Belmont,510,19759.92,0.33276470588235296
139,Queens,Laurelton,505,23108.559999999987,0.13211881188118813
173,Queens,North Corona,492,15221.450000000012,0.41020325203252034
135,Queens,Kew Gardens Hills,481,18506.000000000004,0.5458212058212059
203,Queens,Rosedale,480,23597.45999999998,0.4809375000000001
180,Queens,Ozone Park,421,18752.309999999994,2.2016627078384796
122,Queens,Hollis,405,16464.31,0.05217283950617284
38,Queens,Cambria Heights,396,19678.269999999997,0.31919191919191914
150,Brooklyn,Manhattan Beach,390,14463.900000000001,0.189974358974359
3,Bronx,Allerton/Pelham Gardens,386,15144.34,0.12922279792746114
94,Bronx,Fordham South,380,14013.2,0.06307894736842105
54,Brooklyn,Columbia Street,379,15389.209999999997,1.349208443271768
67,Brooklyn,Dyker Heights,375,13091.56,0.2228
19,Queens,Bellerose,374,18040.78,0.7946791443850268
190,Brooklyn,Prospect Park,370,14020.169999999998,1.491756756756757
201,Queens,Rockaway Park,319,15218.089999999998,0.08015673981191222
16,Queens,Bayside,303,12823.990000000003,0.518019801980198
11,Brooklyn,Bath Beach,301,11297.85,0.22734219269102987
171,Queens,Murray Hill-Queens,284,10369.779999999997,0.06679577464788732
53,Queens,College Point,277,11169.740000000002,1.5189169675090248
183,Bronx,Pelham Bay,273,11412.54,0.07326007326007326
178,Brooklyn,Ocean Parkway South,271,8607.6,0.14350553505535055
98,Queens,Fresh Meadows,249,9632.919999999998,0.1646586345381526
101,Queens,Glen Oaks,249,10725.930000000002,0.21823293172690764
192,Queens,Queensboro Hill,239,8602.530000000002,0.4682008368200836
194,Manhattan,Randalls Island,231,13669.610000000004,5.762337662337662
252,Queens,Whitestone,228,8604.290000000003,0.36850877192982456
153,Manhattan,Marble Hill,221,7707.71,0.07420814479638009
207,Queens,Saint Michaels Cemetery/Woodside,219,9251.490000000002,3.8315981735159816
128,Manhattan,Inwood Hill Park,182,7322.249999999999,0.08016483516483516
64,Queens,Douglaston,163,6555.46,0.5358895705521473
175,Queens,Oakland Gardens,158,6192.14,0.1920886075949367
9,Queens,Auburndale,153,5695.1,0.48169934640522877
240,Bronx,Van Cortlandt Park,151,6109.38,0.23357615894039738
73,Queens,East Flushing,146,5526.81,0.13986301369863016
15,Queens,Bay Terrace/Fort Totten,140,5515.080000000001,0.3050714285714286
46,Bronx,City Island,121,6498.870000000001,0.40900826446280986
1,EWR,Newark Airport,113,13389.699999999999,12.59132743362832
120,Manhattan,Highbridge Park,92,3346.68,1.544891304347826
31,Bronx,Bronx Park,84,3428.3100000000004,1.1776190476190476
6,Staten Island,Arrochar/Fort Wadsworth,76,2479.52,0.47815789473684217
58,Bronx,Country Club,69,2593.38,0.07246376811594203
154,Brooklyn,Marine Park/Floyd Bennett Field,69,3204.54,2.597391304347826
96,Queens,Forest Park/Highland Park,66,3231.97,1.472878787878788
57,Queens,Corona,54,1867.3200000000002,0.3368518518518518
59,Bronx,Crotona Park,52,1890.5300000000002,0.22192307692307692
184,Bronx,Pelham Bay Park,49,2079.06,0.6840816326530613
221,Staten Island,Stapleton,44,2525.66,0.0
8,Queens,Astoria Park,39,2291.52,6.158717948717949
214,Staten Island,South Beach/Dongan Hills,38,1594.54,0.07894736842105263
23,Staten Island,Bloomfield/Emerson Hill,27,1766.77,0.00037037037037037035
27,Queens,Breezy Point/Fort Tilden/Riis Beach,22,1197.4800000000002,0.5136363636363637
30,Queens,Broad Channel,21,779.67,0.38095238095238093
115,Staten Island,Grymes Hill/Clifton,21,855.76,0.0
172,Staten Island,New Dorp/Midland Beach,18,716.53,1.9583333333333333
253,Queens,Willets Point,17,837.1199999999999,1.038235294117647
206,Staten Island,Saint George/New Brighton,16,1057.76,2.186875
111,Brooklyn,Green-Wood Cemetery,15,387.14000000000004,0.20533333333333334
251,Staten Island,Westerleigh,12,544.0500000000001,0.5083333333333333
2,Queens,Jamaica Bay,10,639.1,3.678
118,Staten Island,Heartland Village/Todt Hill,10,480.9699999999999,0.0
156,Staten Island,Mariners Harbor,8,390.36,2.0175
187,Staten Island,Port Richmond,6,303.69,3.3533333333333335
109,Staten Island,Great Kills,5,392.64,0.8
84,Staten Island,Eltingville/Annadale/Prince's Bay,5,365.99,2.918
44,Staten Island,Charleston/Tottenville,4,412.47,15.0
105,Manhattan,Governor's Island/Ellis Island/Liberty Island,4,212.32999999999998,2.3225
176,Staten Island,Oakwood,3,104.03999999999999,0.0
199,Bronx,Rikers Island,3,134.1,4.816666666666666
245,Staten Island,West Brighton,3,96.24,0.0
